sample_name	barcode	commons	distance	floor	commons_distance	meters
F1A	TAGCGACGGA+TGAACGTTAC	Gandhi	Far	One	Gandhi_Far	NA
F1B	TCGAACACGA+AGAACCTCGC	Gandhi	Far	One	Gandhi_Far	NA
F1C	TTACTTCGTG+ATCCGATCTT	Gandhi	Far	One	Gandhi_Far	NA
F1D	ACGAGACGTC+AGAGAGACCG	Gandhi	Far	One	Gandhi_Far	NA
F1E	CATAAGCGAC+CTTGAAGAGG	Gandhi	Far	One	Gandhi_Far	NA
F2A	AACTCTCTAC+GAGAAGCCGT	Turing	Far	One	Turing_Far	NA
F2B	GTATGCCACA+GAAGACTCGG	Turing	Far	One	Turing_Far	NA
F2C	GCCAACAGAC+AACGTGAACG	Turing	Far	One	Turing_Far	NA
F2D	ATAAGCGGAG+CGTAGAACAG	Turing	Far	One	Turing_Far	NA
F2E	TCCAACTGAA+CCTACGGACA	Turing	Far	One	Turing_Far	NA
F3A	ATTCGGCTTA+CGGACGTTAA	Hopper	Far	Two	Hopper_Far	NA
F3B	TATGGCAAGC+CATTGCTGTT	Hopper	Far	Two	Hopper_Far	NA
F3C	GTACAGACCG+CCATTAGAAC	Hopper	Far	Two	Hopper_Far	NA
F3E	GCCACCTAGT+ATACATCGCA	Hopper	Far	Two	Hopper_Far	NA
N1A	AGTATCCGAT+TAGCGCAATA	Carver	Near	Two	Carver_Near	11
N1B	CCTCGTTGGA+TAACGCAGTC	Carver	Near	Two	Carver_Near	11
N1C	CGACCTTAAT+ACCTAAGAGC	Carver	Near	Two	Carver_Near	11
N1D	GAACCGCATT+AGGCATAATG	Carver	Near	Two	Carver_Near	11
N1E	CGCGGTATCT+GATCGGTAAT	Carver	Near	Two	Carver_Near	11
N2A	ACTCCGAAGC+GCAACACGGA	Newton	Near	Two	Newton_Near	8
N2B	CGATGTCTTG+GAACGTTCGG	Newton	Near	Two	Newton_Near	8
N2D	CTCCGCCATA+TGCTGAACGC	Newton	Near	Two	Newton_Near	8
N2E	AACGAAGATC+TTAGACCACA	Newton	Near	Two	Newton_Near	8
N3A	AATAGGTAGG+CCATAAGCCA	Galileo	Near	One	Galileo_Near	8
N3B	ATGTTGCCAC+ATGGCTTCTA	Galileo	Near	One	Galileo_Near	8
N3C	ACAACAGGCT+CAACAGTGGA	Galileo	Near	One	Galileo_Near	8
N3D	TATCCGCGTC+ACGATGCAAC	Galileo	Near	One	Galileo_Near	8
N3E	AATCTGCAGT+TCACTTCGCA	Galileo	Near	One	Galileo_Near	8